<?xml version="1.0" encoding="UTF-8"?>
<project-private xmlns="http://www.netbeans.org/ns/project-private/1">
    <editor-bookmarks xmlns="http://www.netbeans.org/ns/editor-bookmarks/2" lastBookmarkId="0"/>
    <open-files xmlns="http://www.netbeans.org/ns/projectui-open-files/2">
        <group>
            <file>file:/C:/Users/Khoo%20Guo%20Hao/OneDrive/Desktop/Documents/NetBeansProjects/JavaAssignment/src/javaassignment/LecturerViewAppointments.java</file>
            <file>file:/C:/Users/Khoo%20Guo%20Hao/OneDrive/Desktop/Documents/NetBeansProjects/JavaAssignment/src/javaassignment/RegisterPage2.java</file>
            <file>file:/C:/Users/Khoo%20Guo%20Hao/OneDrive/Desktop/Documents/NetBeansProjects/JavaAssignment/src/javaassignment/JavaAssignment.java</file>
            <file>file:/C:/Users/Khoo%20Guo%20Hao/OneDrive/Desktop/Documents/NetBeansProjects/JavaAssignment/src/javaassignment/UserInputValidationException.java</file>
            <file>file:/C:/Users/Khoo%20Guo%20Hao/OneDrive/Desktop/Documents/NetBeansProjects/JavaAssignment/src/javaassignment/LecturerViewFeedbackList.java</file>
            <file>file:/C:/Users/Khoo%20Guo%20Hao/OneDrive/Desktop/Documents/NetBeansProjects/JavaAssignment/src/javaassignment/interactTimeSlotFile.java</file>
            <file>file:/C:/Users/Khoo%20Guo%20Hao/OneDrive/Desktop/Documents/NetBeansProjects/JavaAssignment/src/javaassignment/CheckUserData.java</file>
            <file>file:/C:/Users/Khoo%20Guo%20Hao/OneDrive/Desktop/Documents/NetBeansProjects/JavaAssignment/src/javaassignment/LecturerViewAndWriteFeedback.java</file>
            <file>file:/C:/Users/Khoo%20Guo%20Hao/OneDrive/Desktop/Documents/NetBeansProjects/JavaAssignment/src/javaassignment/FrameFormat.java</file>
            <file>file:/C:/Users/Khoo%20Guo%20Hao/OneDrive/Desktop/Documents/NetBeansProjects/JavaAssignment/src/javaassignment/ManageReschedule.java</file>
            <file>file:/C:/Users/Khoo%20Guo%20Hao/OneDrive/Desktop/Documents/NetBeansProjects/JavaAssignment/src/javaassignment/LoginPage.java</file>
            <file>file:/C:/Users/Khoo%20Guo%20Hao/OneDrive/Desktop/Documents/NetBeansProjects/JavaAssignment/src/javaassignment/control.java</file>
            <file>file:/C:/Users/Khoo%20Guo%20Hao/OneDrive/Desktop/Documents/NetBeansProjects/JavaAssignment/src/javaassignment/RegisterPage1.java</file>
            <file>file:/C:/Users/Khoo%20Guo%20Hao/OneDrive/Desktop/Documents/NetBeansProjects/JavaAssignment/src/javaassignment/LecturerHomePage.java</file>
            <file>file:/C:/Users/Khoo%20Guo%20Hao/OneDrive/Desktop/Documents/NetBeansProjects/JavaAssignment/src/javaassignment/SetConsultationTimePage.java</file>
        </group>
    </open-files>
</project-private>
